id,name,engine_size,cylinders,turbo,petrol,combined_fuel_consumption
1,Acura INTEGRA,1.5,4,1,1,7.176331318
2,Acura INTEGRA A-SPEC,1.5,4,1,1,7.840333333
3,Acura INTEGRA A-SPEC,1.5,4,1,1,7.391984814
4,Acura MDX AWD,3.5,6,0,1,11.0865487
5,Acura MDX AWD Type-S,3,6,1,1,12.066259
6,Acura MDX FWD,3.5,6,0,1,10.55330719
7,Acura RDX AWD,2,4,1,1,10.22652174
8,Acura RDX AWD A-SPEC,2,4,1,1,10.30447735
9,Acura RDX FWD,2,4,1,1,9.800416667
10,Acura RDX FWD A-SPEC,2,4,1,1,9.950377142
11,Acura TLX AWD,2,4,1,1,9.786878152
12,Acura TLX AWD A-SPEC,2,4,1,1,9.839816934
13,Acura TLX FWD,2,4,1,1,9.333804237
14,Acura TLX FWD A-SPEC,2,4,1,1,9.4713275
15,Acura TLX Type-S,3,6,1,1,11.20047619
16,Acura TLX Type-S Perf Tire,3,6,1,1,11.01268371
17,ALFA ROMEO Giulia,2,4,1,1,8.726089602
18,ALFA ROMEO Giulia,2.9,6,1,1,11.5784862
19,ALFA ROMEO Giulia AWD,2,4,1,1,9.208285539
20,ALFA ROMEO Stelvio,2,4,1,1,9.28707367
21,ALFA ROMEO Stelvio AWD,2,4,1,1,9.63469983
22,ALFA ROMEO Stelvio AWD,2.9,6,1,1,12.2882817
23,Aston Martin Lagonda Ltd DB11 V12,5.2,12,1,1,13.81029269
24,Aston Martin Lagonda Ltd DB11 V8,4,8,1,1,11.52244626
25,Aston Martin Lagonda Ltd DBS,5.2,12,1,1,13.81029269
26,Aston Martin Lagonda Ltd DBX 707,4,8,1,1,14.03250248
27,Aston Martin Lagonda Ltd DBX V8,4,8,1,1,14.59019546
28,Aston Martin Lagonda Ltd V12 Vantage,5.2,12,1,1,14.33901302
29,Aston Martin Lagonda Ltd Vantage V8,4,8,1,1,11.52114815
30,Audi Q3,2,4,1,1,9.58659564
31,Audi Q3 S-Line,2,4,1,1,9.951555922
32,Audi Q7,2,4,1,1,10.99446093
33,Audi R8 Coupe quattro,5.2,10,0,1,15.46264339
34,Audi R8 Coupe RWD,5.2,10,0,1,13.71191055
35,Audi R8 GT RWD,5.2,10,0,1,13.95946467
36,Audi R8 Spyder quattro,5.2,10,0,1,15.46264339
37,Audi R8 Spyder RWD,5.2,10,0,1,13.71191055
38,Audi RS5 Coupe,2.9,6,1,1,11.42173145
39,Audi RS5 Sportback,2.9,6,1,1,11.46236391
40,Audi S3,2,4,1,1,8.900905947
41,Audi S4,3,6,1,1,9.664827195
42,Audi S5 Cabriolet,3,6,1,1,10.00897876
43,Audi S5 Coupe,3,6,1,1,9.664827195
44,Audi S5 Sportback,3,6,1,1,9.664827195
45,Audi SQ5,3,6,1,1,11.24422157
46,Audi SQ5 Sportback,3,6,1,1,11.24422157
47,Audi SQ7,4,8,1,1,14.18200674
48,Audi SQ8,4,8,1,1,14.18200674
49,Audi TT Coupe,2,4,1,1,9.249784692
50,Audi TT Roadster,2,4,1,1,9.249784692
51,Audi TTS Coupe,2,4,1,1,8.989214929
52,Bentley Bentayga,4,8,1,1,13.95664841
53,Bentley Bentayga EWB,4,8,1,1,13.95664841
54,Bentley Bentayga Speed,6,12,1,1,16.3123912
55,Bentley Continental GT,4,8,1,1,13.08219407
56,Bentley Continental GT Convertible,4,8,1,1,13.43496713
57,Bentley Continental GT Convertible Speed,6,12,1,1,16.96564459
58,Bentley Continental GT Speed,6,12,1,1,16.19212182
59,Bentley Flying Spur,4,8,1,1,13.59422501
60,Bentley Flying Spur,6,12,1,1,16.04258744
61,BMW 228i Gran Coupe,2,4,1,1,8.425513318
62,BMW 228i xDrive Gran Coupe,2,4,1,1,8.817917006
63,BMW 230i Coupe,2,4,1,1,8.033485093
64,BMW 230i xDrive Coupe,2,4,1,1,8.386489483
65,BMW 330i Sedan,2,4,1,1,8.192501672
66,BMW 330i xDrive Sedan,2,4,1,1,8.568982477
67,BMW 430i Convertible,2,4,1,1,8.372935778
68,BMW 430i Coupe,2,4,1,1,8.372935778
69,BMW 430i Gran Coupe,2,4,1,1,8.372935778
70,BMW 430i xDrive Convertible,2,4,1,1,8.727773325
71,BMW 430i xDrive Coupe,2,4,1,1,8.727773325
72,BMW 430i xDrive Gran Coupe,2,4,1,1,8.79618549
73,BMW 530i Sedan,2,4,1,1,8.357406045
74,BMW 530i xDrive Sedan,2,4,1,1,8.895217133
75,BMW 840i Convertible,3,6,1,1,9.934658743
76,BMW 840i Coupe,3,6,1,1,9.894039011
77,BMW 840i Gran Coupe,3,6,1,1,9.934658743
78,BMW 840i xDrive Convertible,3,6,1,1,9.941082991
79,BMW 840i xDrive Coupe,3,6,1,1,9.940116724
80,BMW 840i xDrive Gran Coupe,3,6,1,1,9.941082991
81,BMW ALPINA B8 Gran Coupe,4.4,8,1,1,12.19962552
82,BMW M2 Coupe,3,6,1,1,12.6961422
83,BMW M2 Coupe,3,6,1,1,12.37641215
84,BMW M235i xDrive Gran Coupe,2,4,1,1,8.631147872
85,BMW M240i Coupe,3,6,1,1,9.12122728
86,BMW M240i xDrive Coupe,3,6,1,1,9.010323891
87,BMW M3 Competition M xDrive Sedan,3,6,1,1,12.72836486
88,BMW M3 Competition Sedan,3,6,1,1,12.57666251
89,BMW M3 Sedan,3,6,1,1,12.62648766
90,BMW M4 Competition Coupe,3,6,1,1,12.57666251
91,BMW M4 Competition M xDrive Coupe,3,6,1,1,12.72836486
92,BMW M4 Coupe,3,6,1,1,12.62648766
93,BMW M4 CSL Coupe,3,6,1,1,12.88539498
94,BMW M4CompetitionMxDriveConvertible,3,6,1,1,12.94069102
95,BMW M5 Competition Sedan,4.4,8,1,1,13.83124482
96,BMW M5 Sedan,4.4,8,1,1,13.83124482
97,BMW M550i xDrive Sedan,4.4,8,1,1,11.95968861
98,BMW M8 Competition Convertible,4.4,8,1,1,13.74588722
99,BMW M8 Competition Coupe,4.4,8,1,1,13.74588722
100,BMW M8 Competition Gran Coupe,4.4,8,1,1,13.74588722
101,BMW M850i xDrive Convertible,4.4,8,1,1,12.19962552
102,BMW M850i xDrive Coupe,4.4,8,1,1,12.19140522
103,BMW M850i xDrive Gran Coupe,4.4,8,1,1,12.19962552
104,BMW X1 xDrive28i,2,4,1,1,8.408765909
105,BMW X2 M35i,2,4,1,1,8.86517739
106,BMW X2 sDrive28i,2,4,1,1,8.774560824
107,BMW X2 xDrive28i,2,4,1,1,8.86517739
108,BMW X3 M,3,6,1,1,13.9034367
109,BMW X3 M Competition,3,6,1,1,13.9034367
110,BMW X3 sDrive30i,2,4,1,1,9.433644433
111,BMW X3 xDrive30i,2,4,1,1,9.869875918
112,BMW X4 M,3,6,1,1,13.9034367
113,BMW X4 M Competition,3,6,1,1,13.9034367
114,BMW X4 xDrive30i,2,4,1,1,9.869875918
115,BMW X5 M,4.4,8,1,1,15.69374479
116,BMW X5 M Competition,4.4,8,1,1,15.69374479
117,BMW X5 M50i,4.4,8,1,1,12.95152196
118,BMW X6 M,4.4,8,1,1,15.69374479
119,BMW X6 M Competition,4.4,8,1,1,15.69374479
120,BMW X6 M50i,4.4,8,1,1,12.95152196
121,BMW Z4 M40i,3,6,1,1,9.080099908
122,BMW Z4 sDrive30i,2,4,1,1,8.391815474
123,Bugatti Chiron,8,16,1,1,22.20617252
124,Bugatti Chiron Pur Sport,8,16,1,1,26.07823137
125,Bugatti Chiron Super Sport,8,16,1,1,26.07823137
126,Buick ENCLAVE AWD,3.6,6,0,1,11.59435292
127,Buick ENCLAVE FWD,3.6,6,0,1,11.04645702
128,Buick ENCORE GX AWD,1.3,3,1,1,8.637645607
129,Buick ENCORE GX FWD,1.2,3,1,1,7.823694942
130,Buick ENCORE GX FWD,1.3,3,1,1,7.869029059
131,Buick ENVISION AWD,2,4,1,1,9.339252177
132,Buick ENVISION FWD,2,4,1,1,8.956388962
133,Cadillac CT4,2,4,1,1,8.768443891
134,Cadillac CT4,2.7,4,1,1,9.484388924
135,Cadillac CT4 AWD,2,4,1,1,9.218787969
136,Cadillac CT4 AWD,2.7,4,1,1,9.869296129
137,Cadillac CT4 V,2.7,4,1,1,10.24420413
138,Cadillac CT4 V,3.6,6,1,1,12.95337644
139,Cadillac CT4 V,3.6,6,1,1,12.64467919
140,Cadillac CT4 V AWD,2.7,4,1,1,10.01392182
141,Cadillac CT5,2,4,1,1,8.849534215
142,Cadillac CT5,3,6,1,1,10.72377869
143,Cadillac CT5 AWD,2,4,1,1,9.480375007
144,Cadillac CT5 AWD,3,6,1,1,11.07939424
145,Cadillac CT5 V,3,6,1,1,11.20047619
146,Cadillac ESCALADE 2WD,3,6,1,0,10.22652174
147,Cadillac ESCALADE 2WD,6.2,8,0,1,14.700625
148,Cadillac ESCALADE 4WD,3,6,1,0,10.69136364
149,Cadillac ESCALADE 4WD,6.2,8,0,1,14.95618888
150,Cadillac XT4 AWD,2,4,1,1,9.800416667
151,Cadillac XT4 FWD,2,4,1,1,8.956388962
152,Cadillac XT5 AWD,2,4,1,1,10.22652174
153,Cadillac XT5 AWD,3.6,6,0,1,11.28700993
154,Cadillac XT5 FWD,2,4,1,1,9.800416667
155,Cadillac XT5 FWD,3.6,6,0,1,11.08247423
156,Cadillac XT5 HEARSE AWD,2,4,1,1,11.27413387
157,Cadillac XT5 HEARSE FWD,2,4,1,1,11.27413387
158,Cadillac XT5 LIMO AWD,2,4,1,1,11.27413387
159,Cadillac XT5 LIMO FWD,2,4,1,1,11.27413387
160,Cadillac XT6 AWD,2,4,1,1,10.22652174
161,Cadillac XT6 AWD,3.6,6,0,1,11.46303426
162,Cadillac XT6 FWD,2,4,1,1,10.22652174
163,Cadillac XT6 FWD,3.6,6,0,1,11.08247423
164,Chevrolet BLAZER AWD,2,4,1,1,9.614260547
165,Chevrolet BLAZER AWD,3.6,6,0,1,11.03821444
166,Chevrolet BLAZER FWD,2,4,1,1,9.282675444
167,Chevrolet BLAZER FWD,3.6,6,0,1,10.7021144
168,Chevrolet CAMARO,2,4,1,1,10.72612604
169,Chevrolet CAMARO,2,4,1,1,9.472471799
170,Chevrolet CAMARO,3.6,6,0,1,11.99206681
171,Chevrolet CAMARO,3.6,6,0,1,10.73939803
172,Chevrolet CAMARO,6.2,8,0,1,12.62621654
173,Chevrolet CAMARO,6.2,8,0,1,11.9509382
174,Chevrolet COLORADO 2WD,2.7,4,1,1,10.73341912
175,Chevrolet COLORADO 4WD,2.7,4,1,1,11.33230872
176,Chevrolet CORVETTE,6.2,8,0,1,12.5758556
177,Chevrolet CORVETTE Z06,5.5,8,0,1,15.78738942
178,Chevrolet CORVETTE Z06 CARBON AERO,5.5,8,0,1,16.6867675
179,Chevrolet EQUINOX AWD,1.5,4,1,1,8.971796495
180,Chevrolet EQUINOX FWD,1.5,4,1,1,8.400357143
181,Chevrolet MALIBU,1.5,4,1,1,7.77291624
182,Chevrolet SILVERADO 2WD,2.7,4,1,1,12.00492017
183,Chevrolet SILVERADO 2WD,2.7,4,1,1,11.86377415
184,Chevrolet SILVERADO 2WD,3,6,1,0,9.078207439
185,Chevrolet SILVERADO 2WD,5.3,8,0,1,13.2511183
186,Chevrolet SILVERADO 2WD,5.3,8,0,1,13.09895079
187,Chevrolet SILVERADO 2WD,5.3,8,0,1,12.6550201
188,Chevrolet SILVERADO 2WD,5.3,8,0,1,12.64243636
189,Chevrolet SILVERADO 2WD CAB CHASSIS,5.3,8,0,1,14.6460684
190,Chevrolet SILVERADO 4WD,2.7,4,1,1,12.22714915
191,Chevrolet SILVERADO 4WD,2.7,4,1,1,12.1457009
192,Chevrolet SILVERADO 4WD,3,6,1,0,9.674208554
193,Chevrolet SILVERADO 4WD,3,6,1,0,9.612963871
194,Chevrolet SILVERADO 4WD,5.3,8,0,1,14.17004536
195,Chevrolet SILVERADO 4WD,5.3,8,0,1,13.88816722
196,Chevrolet SILVERADO 4WD,5.3,8,0,1,13.83588235
197,Chevrolet SILVERADO 4WD,6.2,8,0,1,13.57602133
198,Chevrolet SILVERADO 4WD CAB CHASSIS,5.3,8,0,1,14.93709793
199,Chevrolet SILVERADO 4WD MUD TERRAIN TIRES,2.7,4,1,1,13.56592053
200,Chevrolet SILVERADO 4WD MUD TERRAIN TIRES,3,6,1,0,10.717866
201,Chevrolet SILVERADO 4WD MUD TERRAIN TIRES,5.3,8,0,1,14.700625
202,Chevrolet SILVERADO 4WD MUD TERRAIN TIRES,5.3,8,0,1,14.63358489
203,Chevrolet SILVERADO 4WD MUD TERRAIN TIRES,5.3,8,0,1,13.88816722
204,Chevrolet SILVERADO 4WD MUD TERRAIN TIRES,6.2,8,0,1,14.30317551
205,Chevrolet SILVERADO 4WD ZR2,6.2,8,0,1,15.50923789
206,Chevrolet SUBURBAN 2WD,3,6,1,0,10.22652174
207,Chevrolet SUBURBAN 2WD,5.3,8,0,1,13.96957945
208,Chevrolet SUBURBAN 2WD,6.2,8,0,1,14.700625
209,Chevrolet SUBURBAN 4WD,3,6,1,0,10.69136364
210,Chevrolet SUBURBAN 4WD,5.3,8,0,1,14.49980273
211,Chevrolet SUBURBAN 4WD,6.2,8,0,1,14.95618888
212,Chevrolet TAHOE 2WD,3,6,1,0,9.883146842
213,Chevrolet TAHOE 2WD,5.3,8,0,1,13.96957945
214,Chevrolet TAHOE 2WD,6.2,8,0,1,14.700625
215,Chevrolet TAHOE 4WD,3,6,1,0,10.69136364
216,Chevrolet TAHOE 4WD,5.3,8,0,1,14.97876188
217,Chevrolet TAHOE 4WD,5.3,8,0,1,13.96957945
218,Chevrolet TAHOE 4WD,6.2,8,0,1,14.95618888
219,Chevrolet TRAILBLAZER AWD,1.3,3,1,1,8.297322181
220,Chevrolet TRAILBLAZER FWD,1.2,3,1,1,7.823694942
221,Chevrolet TRAILBLAZER FWD,1.3,3,1,1,7.666208191
222,Chevrolet TRAVERSE AWD,3.6,6,0,1,11.59435292
223,Chevrolet TRAVERSE FWD,3.6,6,0,1,11.04645702
224,Chrysler 300,3.6,6,0,1,10.32537599
225,Chrysler 300,5.7,8,0,1,12.3392089
226,Chrysler 300,6.4,8,0,1,13.11194854
227,Chrysler 300 AWD,3.6,6,0,1,10.9882974
228,Chrysler Pacifica,3.6,6,0,1,10.57351698
229,Chrysler Pacifica AWD,3.6,6,0,1,11.98754408
230,Chrysler Voyager,3.6,6,0,1,10.57351698
231,Dodge Challenger,3.6,6,0,1,10.32537599
232,Dodge Challenger,5.7,8,0,1,12.3392089
233,Dodge Challenger,5.7,8,0,1,13.09545019
234,Dodge Challenger,6.4,8,0,1,13.90549161
235,Dodge Challenger,6.4,8,0,1,13.11194854
236,Dodge Challenger AWD,3.6,6,0,1,10.9882974
237,Dodge Challenger Widebody,6.4,8,0,1,13.90549161
238,Dodge Challenger Widebody,6.4,8,0,1,13.11194854
239,Dodge Charger,3.6,6,0,1,10.32537599
240,Dodge Charger,5.7,8,0,1,12.3392089
241,Dodge Charger,6.4,8,0,1,13.11194854
242,Dodge Charger AWD,3.6,6,0,1,10.9882974
243,Dodge Charger Widebody,6.4,8,0,1,13.11194854
244,Dodge Durango AWD,3.6,6,0,1,11.15103991
245,Dodge Durango AWD,5.7,8,0,1,14.09396777
246,Dodge Durango RWD,3.6,6,0,1,11.00531527
247,Dodge Durango RWD,5.7,8,0,1,13.8977683
248,Dodge Durango SRT AWD,6.4,8,0,1,15.55662848
249,Dodge Hornet AWD,2,4,1,1,9.851315128
250,"Ferrari North America, Inc. 812 Competizione",6.5,12,0,1,17.36584862
251,"Ferrari North America, Inc. 812 Competizione A",6.5,12,0,1,17.25615348
252,"Ferrari North America, Inc. 812 GTS",6.5,12,0,1,17.71012943
253,"Ferrari North America, Inc. F8 Spider",3.9,8,1,1,14.74929768
254,"Ferrari North America, Inc. F8 Tributo",3.9,8,1,1,14.415469
255,"Ferrari North America, Inc. Ferrari Daytona SP3",6.5,12,0,1,17.57029312
256,"Ferrari North America, Inc. Ferrari Monza SP1",6.5,12,0,1,17.54133449
257,"Ferrari North America, Inc. Ferrari Monza SP2",6.5,12,0,1,17.54133449
258,"Ferrari North America, Inc. Portofino M",3.9,8,1,1,12.55183013
259,"Ferrari North America, Inc. Roma",3.9,8,1,1,12.57437652
260,FIAT 500X AWD,1.3,4,1,1,8.912271661
261,Ford BRONCO 4WD,2.3,4,1,1,11.64014094
262,Ford BRONCO 4WD,2.3,4,1,1,11.61135218
263,Ford BRONCO 4WD,2.7,6,1,1,12.00142868
264,Ford BRONCO BADLANDS 4WD,2.3,4,1,1,14.03635452
265,Ford BRONCO BADLANDS 4WD,2.3,4,1,1,13.54334608
266,Ford BRONCO BADLANDS 4WD,2.7,6,1,1,14.01853563
267,Ford BRONCO BLACK DIAMOND 4WD,2.3,4,1,1,13.83588235
268,Ford BRONCO BLACK DIAMOND 4WD,2.3,4,1,1,13.06722222
269,Ford BRONCO BLACK DIAMOND 4WD,2.7,6,1,1,13.06722222
270,Ford BRONCO RAPTOR 4WD,3,6,1,1,15.31704013
271,Ford BRONCO SASQUATCH 4WD,2.3,4,1,1,13.83588235
272,Ford BRONCO SASQUATCH 4WD,2.3,4,1,1,13.06722222
273,Ford BRONCO SASQUATCH 4WD,2.7,6,1,1,14.06792029
274,Ford BRONCO SPORT 4WD,1.5,3,1,1,9.046538462
275,Ford BRONCO SPORT 4WD,2,4,1,1,10.22652174
276,Ford EDGE AWD,2,4,1,1,10.09051909
277,Ford EDGE AWD,2,4,1,1,10.03905333
278,Ford EDGE AWD,2.7,6,1,1,11.1571228
279,Ford ESCAPE AWD,1.5,3,1,1,8.400357143
280,Ford ESCAPE AWD,2,4,1,1,8.91821901
281,Ford ESCAPE FWD,1.5,3,1,1,7.945746909
282,Ford EXPEDITION 2WD,3.5,6,1,1,12.39878969
283,Ford EXPEDITION 2WD,3.5,6,1,1,12.22448014
284,Ford EXPEDITION 4WD,3.5,6,1,1,13.07899332
285,Ford EXPEDITION 4WD,3.5,6,1,1,12.80556191
286,Ford EXPEDITION TIMBERLINE 4WD,3.5,6,1,1,13.83588235
287,Ford EXPEDITION TIMBERLINE 4WD,3.5,6,1,1,13.53197022
288,Ford EXPLORER AWD,2.3,4,1,1,10.50180604
289,Ford EXPLORER AWD,2.3,4,1,1,10.24277658
290,Ford EXPLORER AWD,3,6,1,1,12.02142503
291,Ford EXPLORER AWD,3,6,1,1,11.94068494
292,Ford EXPLORER AWD,3,6,1,1,11.65958628
293,Ford EXPLORER AWD,3,6,1,1,11.56442517
294,Ford EXPLORER FFV AWD,3.3,6,0,1,11.76355853
295,Ford EXPLORER RWD,2.3,4,1,1,10.19496168
296,Ford EXPLORER RWD,2.3,4,1,1,9.846077853
297,Ford EXPLORER RWD,3,6,1,1,11.58230622
298,Ford EXPLORER RWD,3,6,1,1,11.3309985
299,Ford EXPLORER TIMBERLINE AWD,2.3,4,1,1,11.82256848
300,Ford EXPLORER TIMBERLINE AWD,2.3,4,1,1,11.46208463
301,Ford F150 PICKUP 2WD,2.7,6,1,1,11.40766104
302,Ford F150 PICKUP 2WD,2.7,6,1,1,10.70893603
303,Ford F150 PICKUP 2WD,3.5,6,1,1,11.45042256
304,Ford F150 PICKUP 2WD FFV,3.3,6,0,1,11.7605
305,Ford F150 PICKUP 2WD FFV,3.3,6,0,1,11.20047619
306,Ford F150 PICKUP 2WD FFV,5,8,0,1,12.29252028
307,Ford F150 PICKUP 2WD FFV,5,8,0,1,11.99879609
308,Ford F150 PICKUP 4WD,2.7,6,1,1,11.98986614
309,Ford F150 PICKUP 4WD,2.7,6,1,1,11.5164097
310,Ford F150 PICKUP 4WD,3.5,6,1,1,12.43273815
311,Ford F150 PICKUP 4WD,3.5,6,1,1,11.92561007
312,Ford F150 PICKUP 4WD FFV,3.3,6,0,1,11.7605
313,Ford F150 PICKUP 4WD FFV,5,8,0,1,12.80521333
314,Ford F150 PICKUP 4WD FFV,5,8,0,1,12.41364387
315,Ford F150 PICKUP TREMOR 4WD,3.5,6,1,1,13.25843837
316,Ford F150 PICKUP TREMOR 4WD,3.5,6,1,1,13.14712754
317,Ford F150 PICKUP TREMOR 4WD FFV,5,8,0,1,13.76954554
318,Ford F150 PICKUP TREMOR 4WD FFV,5,8,0,1,13.69179633
319,Ford F150 RAPTOR 37 4WD,3.5,6,1,1,15.76823292
320,Ford F150 RAPTOR 37 4WD,3.5,6,1,1,15.27238491
321,Ford F150 RAPTOR 4WD,3.5,6,1,1,15.68066667
322,Ford F150 RAPTOR 4WD,3.5,6,1,1,14.61585305
323,Ford MAVERICK AWD,2,4,1,1,9.800416667
324,Ford MAVERICK FWD,2,4,1,1,9.4084
325,Ford MAVERICK TREMOR AWD,2,4,1,1,10.99584868
326,Ford MUSTANG,2.3,4,1,1,9.816818935
327,Ford MUSTANG,2.3,4,1,1,9.601975833
328,Ford MUSTANG,2.3,4,1,1,9.264576711
329,Ford MUSTANG,5,8,0,1,13.23627892
330,Ford MUSTANG,5,8,0,1,12.7050575
331,Ford MUSTANG CONVERTIBLE,2.3,4,1,1,10.32043772
332,Ford MUSTANG CONVERTIBLE,2.3,4,1,1,10.22652174
333,Ford MUSTANG CONVERTIBLE,2.3,4,1,1,10.22114453
334,Ford MUSTANG CONVERTIBLE,5,8,0,1,13.16854687
335,Ford MUSTANG HO CONVERTIBLE,2.3,4,1,1,11.20047619
336,Ford MUSTANG HO CONVERTIBLE,2.3,4,1,1,10.69136364
337,Ford MUSTANG HO COUPE,2.3,4,1,1,10.48009446
338,Ford MUSTANG HO COUPE,2.3,4,1,1,10.22652174
339,Ford MUSTANG MACH 1,5,8,0,1,13.86957727
340,Ford MUSTANG MACH 1,5,8,0,1,13.06722222
341,Ford RANGER 2WD,2.3,4,1,1,10.54342028
342,Ford RANGER 2WD,2.3,4,1,1,10.08407324
343,Ford RANGER 4WD,2.3,4,1,1,11.12651138
344,Ford RANGER 4WD,2.3,4,1,1,10.8621462
345,Ford RANGER TREMOR 4WD,2.3,4,1,1,12.3859274
346,Ford Transit Connect Van FWD,2,4,0,1,9.397423809
347,Ford Transit Connect Wagon LWB FWD,2,4,0,1,9.203025288
348,GENESIS G70 AWD,2,4,1,1,10.33254261
349,GENESIS G70 AWD,3.3,6,1,1,11.52583402
350,GENESIS G70 RWD,2,4,1,1,9.477891903
351,GENESIS G70 RWD,3.3,6,1,1,11.3737911
352,GENESIS G80 AWD,2.5,4,1,1,9.471937758
353,GENESIS G80 AWD,3.5,6,1,1,12.21349867
354,GENESIS G80 RWD,2.5,4,1,1,9.078452715
355,GENESIS G90 AWD,3.5,6,1,1,11.30301064
356,GENESIS GV70 AWD,2.5,4,1,1,10.77753493
357,GENESIS GV70 AWD,2.5,4,1,1,9.672338781
358,GENESIS GV70 AWD,3.5,6,1,1,11.30627058
359,GENESIS GV80 AWD,2.5,4,1,1,10.67118539
360,GENESIS GV80 AWD,3.5,6,1,1,11.77156527
361,GMC ACADIA AWD,2,4,1,1,9.614260547
362,GMC ACADIA AWD,3.6,6,0,1,11.03821444
363,GMC ACADIA FWD,2,4,1,1,9.282675444
364,GMC ACADIA FWD,3.6,6,0,1,10.7021144
365,GMC SIERRA 2WD,2.7,4,1,1,12.00492017
366,GMC SIERRA 2WD,2.7,4,1,1,11.85444649
367,GMC SIERRA 2WD,3,6,1,0,9.078207439
368,GMC SIERRA 2WD,5.3,8,0,1,13.2511183
369,GMC SIERRA 2WD,5.3,8,0,1,13.09895079
370,GMC SIERRA 2WD,5.3,8,0,1,12.76601519
371,GMC SIERRA 2WD,5.3,8,0,1,12.75168877
372,GMC SIERRA 2WD CAB CHASSIS,5.3,8,0,1,14.6460684
373,GMC SIERRA 4WD,2.7,4,1,1,12.39813614
374,GMC SIERRA 4WD,2.7,4,1,1,12.35749036
375,GMC SIERRA 4WD,3,6,1,0,9.612963871
376,GMC SIERRA 4WD,5.3,8,0,1,14.17004536
377,GMC SIERRA 4WD,5.3,8,0,1,13.88816722
378,GMC SIERRA 4WD,5.3,8,0,1,13.83588235
379,GMC SIERRA 4WD,6.2,8,0,1,14.02564103
380,GMC SIERRA 4WD AT4X,6.2,8,0,1,15.50923789
381,GMC SIERRA 4WD CAB CHASSIS,5.3,8,0,1,14.93709793
382,GMC SIERRA 4WD MUD TERRAIN TIRES,2.7,4,1,1,13.56592053
383,GMC SIERRA 4WD MUD TERRAIN TIRES,3,6,1,0,10.717866
384,GMC SIERRA 4WD MUD TERRAIN TIRES,5.3,8,0,1,14.700625
385,GMC SIERRA 4WD MUD TERRAIN TIRES,5.3,8,0,1,14.68511385
386,GMC SIERRA 4WD MUD TERRAIN TIRES,5.3,8,0,1,13.88816722
387,GMC SIERRA 4WD MUD TERRAIN TIRES,6.2,8,0,1,15.50923789
388,GMC TERRAIN AWD,1.5,4,1,1,9.183836822
389,GMC TERRAIN FWD,1.5,4,1,1,8.885640026
390,GMC YUKON 2WD,3,6,1,0,10.22652174
391,GMC YUKON 2WD,5.3,8,0,1,13.96957945
392,GMC YUKON 2WD,6.2,8,0,1,14.700625
393,GMC YUKON 4WD,3,6,1,0,10.69136364
394,GMC YUKON 4WD,5.3,8,0,1,13.96957945
395,GMC YUKON 4WD,6.2,8,0,1,14.95618888
396,GMC YUKON XL 2WD,3,6,1,0,10.22652174
397,GMC YUKON XL 2WD,5.3,8,0,1,13.96957945
398,GMC YUKON XL 2WD,6.2,8,0,1,14.67952319
399,GMC YUKON XL 4WD,3,6,1,0,10.69136364
400,GMC YUKON XL 4WD,5.3,8,0,1,14.49980273
401,GMC YUKON XL 4WD,6.2,8,0,1,14.95618888
402,Honda ACCORD,1.5,4,1,1,7.3503125
403,Honda CIVIC 4Dr,1.5,4,1,1,7.492744898
404,Honda CIVIC 4Dr,1.5,4,1,1,6.934686405
405,Honda CIVIC 4Dr,1.5,4,1,1,6.476902234
406,Honda CIVIC 4Dr,2,4,0,1,7.105591488
407,Honda CIVIC 4Dr,2,4,0,1,6.786071834
408,Honda CIVIC 5Dr,1.5,4,1,1,7.508483396
409,Honda CIVIC 5Dr,1.5,4,1,1,7.09598786
410,Honda CIVIC 5Dr,1.5,4,1,1,6.773896265
411,Honda CIVIC 5Dr,2,4,0,1,8.110689655
412,Honda CIVIC 5Dr,2,4,0,1,7.384048371
413,Honda CIVIC 5Dr,2,4,0,1,7.166208134
414,Honda CIVIC 5Dr,2,4,1,1,9.665899564
415,Honda CR-V AWD,1.5,4,1,1,8.15305744
416,Honda CR-V FWD,1.5,4,1,1,7.759735547
417,Honda HR-V AWD,2,4,0,1,8.674566382
418,Honda HR-V FWD,2,4,0,1,8.259677142
419,Honda ODYSSEY FWD,3.5,6,0,1,10.46424202
420,Honda PASSPORT AWD,3.5,6,0,1,11.00068284
421,Honda PILOT AWD,3.5,6,0,1,10.99512907
422,Honda Pilot AWD Touring/Elite/Black,3.5,6,0,1,11.22281494
423,Honda Pilot AWD TRAILSPORT,3.5,6,0,1,11.78926581
424,Honda PILOT FWD,3.5,6,0,1,10.47729348
425,Honda RIDGELINE AWD,3.5,6,0,1,11.34077781
426,HYUNDAI MOTOR COMPANY Elantra,1.6,4,1,1,7.590822982
427,HYUNDAI MOTOR COMPANY Elantra,2,4,0,1,6.936404252
428,HYUNDAI MOTOR COMPANY Elantra,2,4,0,1,6.43881741
429,HYUNDAI MOTOR COMPANY Elantra N,2,4,1,1,10.20482539
430,HYUNDAI MOTOR COMPANY Elantra N,2,4,1,1,9.415555822
431,HYUNDAI MOTOR COMPANY Kona AWD,1.6,4,1,1,8.15000641
432,HYUNDAI MOTOR COMPANY Kona AWD,2,4,0,1,7.903163483
433,HYUNDAI MOTOR COMPANY Kona FWD,1.6,4,1,1,7.453520466
434,HYUNDAI MOTOR COMPANY Kona FWD,2,4,0,1,7.376684146
435,HYUNDAI MOTOR COMPANY Kona N,2,4,1,1,10.39694117
436,HYUNDAI MOTOR COMPANY Palisade AWD,3.8,6,0,1,11.18705173
437,HYUNDAI MOTOR COMPANY Palisade FWD,3.8,6,0,1,10.74420559
438,HYUNDAI MOTOR COMPANY Santa Cruz AWD,2.5,4,0,1,10.38628997
439,HYUNDAI MOTOR COMPANY Santa Cruz AWD,2.5,4,1,1,10.56700915
440,HYUNDAI MOTOR COMPANY Santa Cruz FWD,2.5,4,0,1,10.1139056
441,HYUNDAI MOTOR COMPANY Santa Fe AWD,2.5,4,0,1,10.00778634
442,HYUNDAI MOTOR COMPANY Santa Fe AWD,2.5,4,1,1,9.850696262
443,HYUNDAI MOTOR COMPANY Santa Fe FWD,2.5,4,0,1,9.080450451
444,HYUNDAI MOTOR COMPANY Santa Fe FWD,2.5,4,1,1,9.584134694
445,HYUNDAI MOTOR COMPANY Sonata,1.6,4,1,1,7.71016013
446,HYUNDAI MOTOR COMPANY Sonata,2.5,4,0,1,7.692232222
447,HYUNDAI MOTOR COMPANY Sonata,2.5,4,0,1,7.398611561
448,HYUNDAI MOTOR COMPANY Sonata,2.5,4,1,1,8.801188409
449,HYUNDAI MOTOR COMPANY Tucson AWD,2.5,4,0,1,9.295992854
450,HYUNDAI MOTOR COMPANY Tucson FWD,2.5,4,0,1,8.513279717
451,HYUNDAI MOTOR COMPANY Venue,1.6,4,0,1,7.636068501
452,INFINITI Q50,3,6,1,1,10.22652174
453,INFINITI Q50 AWD,3,6,1,1,10.63201765
454,INFINITI Q50 AWD RED SPORT,3,6,1,1,10.68490413
455,INFINITI Q50 RED SPORT,3,6,1,1,10.64125301
456,INFINITI QX50,2,4,1,1,9.046538462
457,INFINITI QX50 AWD,2,4,1,1,9.4084
458,INFINITI QX55 AWD,2,4,1,1,9.352174726
459,INFINITI QX60 AWD,3.5,6,0,1,10.72568583
460,INFINITI QX60 FWD,3.5,6,0,1,10.23912031
461,INFINITI QX80 2WD,5.6,8,0,1,14.58974295
462,INFINITI QX80 4WD,5.6,8,0,1,15.68066667
463,Jaguar E-PACE,2,4,1,1,10.43457815
464,Jaguar F-PACE,2,4,1,1,9.880448298
465,Jaguar XF P250,2,4,1,1,8.382245505
466,Jaguar XF P250 AWD,2,4,1,1,8.902859998
467,Jaguar XF P300 AWD,2,4,1,1,9.324220933
468,Jeep Cherokee 4X4,2.4,4,0,1,9.726977983
469,Jeep Cherokee Trailhawk 4X4,2,4,1,1,10.59094225
470,Jeep Compass 4X4,2,4,1,1,8.751967435
471,Jeep Gladiator 4X4,3.6,6,0,1,12.57336826
472,Jeep Gladiator 4X4,3.6,6,0,1,12.3249197
473,Jeep Gladiator EcoDiesel 4X4,3,6,1,0,9.782115958
474,Jeep Gladiator Rubic EcoDiesel 4X4,3,6,1,0,9.782115958
475,Jeep Grand Cherokee 4X2,3.6,6,0,1,10.76623793
476,Jeep Grand Cherokee 4X4,3.6,6,0,1,10.92617712
477,Jeep Grand Cherokee 4X4,5.7,8,0,1,14.09396777
478,Jeep Grand Cherokee L 4X2,3.6,6,0,1,11.00531527
479,Jeep Grand Cherokee L 4X4,3.6,6,0,1,11.15103991
480,Jeep Grand Cherokee L 4X4,5.7,8,0,1,14.09396777
481,Jeep Grand Wagoneer 4x4,3,6,1,1,14.25359658
482,Jeep Grand Wagoneer 4x4,6.4,8,0,1,15.96505756
483,Jeep Grand Wagoneer L 4x4,3,6,1,1,14.98000204
484,Jeep Renegade 4x4,1.3,4,1,1,9.03604275
485,Jeep Renegade Trailhawk 4x4,1.3,4,1,1,9.676397505
486,Jeep Wagoneer 4x2,3,6,1,1,11.99072186
487,Jeep Wagoneer 4x4,3,6,1,1,12.53644315
488,Jeep Wagoneer L 4x2,3,6,1,1,11.99072186
489,Jeep Wagoneer L 4x4,3,6,1,1,12.62350599
490,Jeep Wrangler 2dr 4X4,2,4,1,1,10.30876778
491,Jeep Wrangler 2dr 4X4,3.6,6,0,1,11.81894468
492,Jeep Wrangler 2dr 4X4,3.6,6,0,1,11.51906049
493,Jeep Wrangler 4dr 4X4,2,4,1,1,10.69136364
494,Jeep Wrangler 4dr 4X4,3.6,6,0,1,12.16196651
495,Jeep Wrangler 4dr 4X4,3.6,6,0,1,11.50300523
496,Jeep Wrangler 4dr 4X4,6.4,8,0,1,16.49681931
497,Jeep Wrangler 4dr EcoDiesel 4x4,3,6,1,0,9.514544256
498,Jeep Wrangler Rubic 4dr EcoDiesel 4x4,3,6,1,0,10.22652174
499,KIA Carnival,3.5,6,0,1,10.70942362
500,KIA Forte,1.6,4,1,1,9.198130731
501,KIA Forte,1.6,4,1,1,7.762552557
502,KIA Forte,2,4,0,1,7.277852382
503,KIA Forte FE,2,4,0,1,6.852599624
504,KIA K5,1.6,4,1,1,7.697216423
505,KIA K5,2.5,4,1,1,8.734579592
506,KIA K5 AWD,1.6,4,1,1,8.299137307
507,KIA Rio,1.6,4,0,1,6.584789559
508,KIA Seltos AWD,1.6,4,1,1,8.700299985
509,KIA Seltos AWD,2,4,0,1,8.240838063
510,KIA Seltos FWD,2,4,0,1,7.468904702
511,KIA Sorento AWD,2.5,4,0,1,9.691708009
512,KIA Sorento AWD,2.5,4,1,1,9.901744519
513,KIA Sorento FWD,2.5,4,0,1,8.987463175
514,KIA Sorento FWD,2.5,4,1,1,9.465762521
515,KIA Soul,2,4,0,1,7.862873571
516,KIA Soul Eco dynamics,2,4,0,1,7.502878852
517,KIA Sportage AWD,2.5,4,0,1,9.433757941
518,KIA Sportage FWD,2.5,4,0,1,8.540451042
519,KIA Stinger AWD,2.5,4,1,1,9.966652118
520,KIA Stinger AWD,3.3,6,1,1,11.85080312
521,KIA Stinger RWD,2.5,4,1,1,9.321301756
522,KIA Stinger RWD,3.3,6,1,1,11.47987447
523,KIA Telluride AWD,3.8,6,0,1,11.44986516
524,KIA Telluride FWD,3.8,6,0,1,10.43902396
525,Lamborghini Huracan Coupe,5.2,10,0,1,15.91245814
526,Lamborghini Huracan Coupe 2WD,5.2,10,0,1,15.81956242
527,Lamborghini Huracan Spyder,5.2,10,0,1,15.91245814
528,Lamborghini Huracan Spyder 2WD,5.2,10,0,1,15.81956242
529,Lamborghini Urus Performante,4,8,1,1,14.76197948
530,Lamborghini Urus S,4,8,1,1,14.76197948
531,Land Rover Defender 110,2,4,1,1,12.56933682
532,Land Rover Defender 90,2,4,1,1,12.3313813
533,Land Rover Discovery,2,4,1,1,11.12114535
534,Land Rover Discovery Sport,2,4,1,1,11.50463688
535,Land Rover New Range Rover,4.4,8,1,1,13.30410928
536,Land Rover New Range Rover LWB,4.4,8,1,1,13.30320632
537,Land Rover New Range Rover Sport,4.4,8,1,1,13.30410928
538,Land Rover Range Rover Evoque,2,4,1,1,10.49786883
539,Land Rover Range Rover Velar,2,4,1,1,10.39707904
540,LEXUS ES 250 AWD,2.5,4,0,1,8.400357143
541,LEXUS ES 350,3.5,6,0,1,9.22366837
542,LEXUS ES 350 F SPORT,3.5,6,0,1,9.382691425
543,LEXUS GX 460,4.6,8,0,1,14.4608461
544,LEXUS IS 300,2,4,1,1,9.470107219
545,LEXUS IS 300 AWD,3.5,6,0,1,10.80193618
546,LEXUS IS 350,3.5,6,0,1,10.25885945
547,LEXUS IS 350 AWD,3.5,6,0,1,10.80193618
548,LEXUS IS 500,5,8,0,1,11.94086679
549,LEXUS LC 500,5,8,0,1,12.61328414
550,LEXUS LC 500 CONVERTIBLE,5,8,0,1,13.038682
551,LEXUS LS 500,3.4,6,1,1,10.70537795
552,LEXUS LS 500 AWD,3.4,6,1,1,11.13947431
553,LEXUS LX 600,3.4,6,1,1,12.69333305
554,LEXUS NX 250,2.5,4,0,1,8.297790525
555,LEXUS NX 250 AWD,2.5,4,0,1,8.373174231
556,LEXUS NX 350 AWD,2.4,4,1,1,9.470946128
557,LEXUS NX 350 AWD,2.4,4,1,1,9.329324644
558,LEXUS RC 300,2,4,1,1,9.470107219
559,LEXUS RC 300 AWD,3.5,6,0,1,10.80193618
560,LEXUS RC 350,3.5,6,0,1,10.25885945
561,LEXUS RC 350 AWD,3.5,6,0,1,10.80193618
562,LEXUS RC F,5,8,0,1,12.2263229
563,LEXUS RX 350,2.4,4,1,1,9.455108235
564,LEXUS RX 350 AWD,2.4,4,1,1,9.936925176
565,Lincoln AVIATOR AWD,3,6,1,1,12.17077689
566,Lincoln AVIATOR AWD,3,6,1,1,11.88625659
567,Lincoln AVIATOR RWD,3,6,1,1,11.15241459
568,Lincoln CORSAIR AWD,2,4,1,1,9.922169961
569,Lincoln CORSAIR FWD,2,4,1,1,9.454880191
570,Lincoln NAUTILUS AWD,2,4,1,1,10.69136364
571,Lincoln NAUTILUS AWD,2.7,6,1,1,11.1571228
572,Lincoln NAUTILUS FWD,2,4,1,1,10.22652174
573,Lincoln NAUTILUS FWD,2,4,1,1,10.03066216
574,Lincoln NAVIGATOR 2WD,3.5,6,1,1,12.39878969
575,Lincoln NAVIGATOR 2WD,3.5,6,1,1,12.22448014
576,Lincoln NAVIGATOR 4WD,3.5,6,1,1,13.5151752
577,Lincoln NAVIGATOR 4WD,3.5,6,1,1,13.1905539
578,MASERATI GHIBLI GT,3,6,1,1,11.60997665
579,MASERATI GHIBLI MODENA AWD,3,6,1,1,12.00694249
580,MASERATI GHIBLI MODENA RWD,3,6,1,1,11.60997665
581,MASERATI GHIBLI TROFEO,3.8,8,1,1,14.93558035
582,MASERATI GRECALE TROFEO,3,6,1,1,11.59692537
583,MASERATI LEVANTE GT,3,6,1,1,13.20758955
584,MASERATI LEVANTE MODENA,3,6,1,1,13.20758955
585,MASERATI LEVANTE MODENA V8,3.8,8,1,1,14.99776828
586,MASERATI LEVANTE TROFEO,3.8,8,1,1,14.99776828
587,MASERATI MC20,3,6,1,1,12.753279
588,MASERATI MC20 Spyder,3,6,1,1,12.83967465
589,MASERATI QUATTROPORTE GT,3,6,1,1,12.13936973
590,MASERATI QUATTROPORTE MODENA AWD,3,6,1,1,12.00694249
591,MASERATI QUATTROPORTE MODENA RWD,3,6,1,1,12.13936973
592,MASERATI QUATTROPORTE TROFEO,3.8,8,1,1,14.93558035
593,MAZDA CX-30 4WD,2.5,4,0,1,8.173569773
594,MAZDA CX-30 4WD,2.5,4,1,1,9.343333029
595,MAZDA CX-5 4WD,2.5,4,0,1,8.960756451
596,MAZDA CX-5 4WD,2.5,4,1,1,9.843770272
597,MAZDA CX-9 4WD,2.5,4,1,1,10.43198652
598,MAZDA MAZDA CX-50 4WD,2.5,4,0,1,8.843711343
599,MAZDA MAZDA CX-50 4WD,2.5,4,1,1,9.401367777
600,MAZDA MAZDA3 4-Door 2WD,2,4,0,1,7.586122373
601,MAZDA MAZDA3 4-Door 2WD,2.5,4,0,1,7.574347497
602,MAZDA MAZDA3 4-Door 4WD,2.5,4,0,1,7.947062381
603,MAZDA MAZDA3 4-Door 4WD,2.5,4,1,1,8.830795338
604,MAZDA MAZDA3 5-Door 2WD,2.5,4,0,1,7.831509832
605,MAZDA MAZDA3 5-Door 2WD,2.5,4,0,1,7.745732125
606,MAZDA MAZDA3 5-Door 4WD,2.5,4,0,1,8.242801873
607,MAZDA MAZDA3 5-Door 4WD,2.5,4,1,1,8.91433206
608,MAZDA MX-5,2,4,0,1,8.100271031
609,MAZDA MX-5,2,4,0,1,7.91316079
610,Mercedes-Benz AMG C 43 4MATIC (convertible),3,6,1,1,10.9248069
611,Mercedes-Benz AMG C 43 4MATIC (coupe),3,6,1,1,10.97942379
612,Mercedes-Benz AMG C 63 S (convertible),4,8,1,1,12.2546057
613,Mercedes-Benz AMG C 63 S (coupe),4,8,1,1,12.2546057
614,Mercedes-Benz AMG CLA 35 4MATIC,2,4,1,1,9.912677742
615,Mercedes-Benz AMG CLA 45 4MATIC,2,4,1,1,10.30154385
616,Mercedes-Benz AMG E 63 S 4MATIC+,4,8,1,1,12.5735699
617,Mercedes-Benz AMG E 63 S 4MATIC+ (SW),4,8,1,1,12.49780819
618,Mercedes-Benz AMG G 63,4,8,1,1,16.50260649
619,Mercedes-Benz AMG G 63 4x4 Squared,4,8,1,1,21.67594367
620,Mercedes-Benz AMG GLA 35 4MATIC,2,4,1,1,9.516161007
621,Mercedes-Benz AMG GLA 45 4MATIC,2,4,1,1,10.80560839
622,Mercedes-Benz AMG GLB 35 4MATIC,2,4,1,1,10.16034696
623,Mercedes-Benz AMG GLC 43 4MATIC (coupe),3,6,1,1,11.85677703
624,Mercedes-Benz AMG GT 63 4MATIC+,4,8,1,1,13.99534698
625,Mercedes-Benz AMG GT 63 S 4MATIC+,4,8,1,1,13.99534698
626,Mercedes-Benz AMG SL 55 4MATIC+,4,8,1,1,14.91323176
627,Mercedes-Benz AMG SL 63 4MATIC+,4,8,1,1,14.4597793
628,Mercedes-Benz C 300 (convertible),2,4,1,1,9.839816934
629,Mercedes-Benz C 300 (Coupe),2,4,1,1,9.286816992
630,Mercedes-Benz C 300 4MATIC (convertible),2,4,1,1,9.535952906
631,Mercedes-Benz C 300 4MATIC (Coupe),2,4,1,1,9.286816992
632,Mercedes-Benz CLA 250,2,4,1,1,8.201442863
633,Mercedes-Benz CLA 250 4MATIC,2,4,1,1,8.570512423
634,Mercedes-Benz E 350,2,4,1,1,9.107276993
635,Mercedes-Benz E 350 4MATIC,2,4,1,1,9.685203105
636,Mercedes-Benz G 550,4,8,1,1,16.33278013
637,Mercedes-Benz GLA 250,2,4,1,1,8.530168021
638,Mercedes-Benz GLA 250 4MATIC,2,4,1,1,8.965914202
639,Mercedes-Benz GLB 250,2,4,1,1,8.779309779
640,Mercedes-Benz GLB 250 4MATIC,2,4,1,1,9.439323223
641,Mercedes-Benz GLC 300 4MATIC (Coupe),2,4,1,1,10.50565235
642,Mercedes-Benz GLE 350,2,4,1,1,10.72387648
643,Mercedes-Benz GLE 350 4MATIC,2,4,1,1,10.97112738
644,Mercedes-Benz Maybach S 680 4Matic,6,12,1,1,16.44537668
645,"Mercedes-Benz Metris (Cargo Van, LWB)",2,4,1,1,11.57575101
646,Mercedes-Benz Metris (Cargo Van),2,4,1,1,11.57575101
647,Mercedes-Benz Metris (Passenger Van),2,4,1,1,12.25613823
648,Mercedes-Benz Metris (US Postal Long),2,4,1,1,11.06573766
649,Mercedes-Benz Metris (US Postal),2,4,1,1,11.06573766
650,Mini COOPER CONVERTIBLE,1.5,3,1,1,7.575250082
651,Mini COOPER CONVERTIBLE,1.5,3,1,1,7.275038585
652,Mini COOPER COUNTRYMAN,1.5,3,1,1,8.301509879
653,Mini COOPER COUNTRYMAN ALL4,1.5,3,1,1,8.976453078
654,Mini COOPER HARDTOP 2 DOOR,1.5,3,1,1,7.575250082
655,Mini COOPER HARDTOP 2 DOOR,1.5,3,1,1,7.275038585
656,Mini COOPER HARDTOP 4 DOOR,1.5,3,1,1,7.575250082
657,Mini COOPER HARDTOP 4 DOOR,1.5,3,1,1,7.275038585
658,Mini COOPER S CLUBMAN,2,4,1,1,9.324997225
659,Mini COOPER S CLUBMAN,2,4,1,1,8.167240757
660,Mini COOPER S CLUBMAN ALL4,2,4,1,1,8.861636997
661,Mini COOPER S CONVERTIBLE,2,4,1,1,8.775575686
662,Mini COOPER S CONVERTIBLE,2,4,1,1,7.804432942
663,Mini COOPER S COUNTRYMAN,2,4,1,1,8.549391354
664,Mini COOPER S COUNTRYMAN ALL4,2,4,1,1,9.100441074
665,Mini COOPER S HARDTOP 2 DOOR,2,4,1,1,8.813126204
666,Mini COOPER S HARDTOP 2 DOOR,2,4,1,1,7.467150064
667,Mini COOPER S HARDTOP 4 DOOR,2,4,1,1,8.813126204
668,Mini COOPER S HARDTOP 4 DOOR,2,4,1,1,7.467150064
669,Mini JCW COUNTRYMAN ALL4,2,4,1,1,9.00073855
670,Mini JOHN COOPER WORKS CLUBMAN ALL4,2,4,1,1,9.012982435
671,Mini JOHN COOPER WORKS CONVERTIBLE,2,4,1,1,8.6012265
672,Mini JOHN COOPER WORKS HARDTOP 2 DOOR,2,4,1,1,9.282602175
673,Mini JOHN COOPER WORKS HARDTOP 2 DOOR,2,4,1,1,8.197326921
674,MITSUBISHI MOTORS Outlander 2WD,2.5,4,0,1,8.654744821
675,MITSUBISHI MOTORS Outlander 4WD,2.5,4,0,1,9.046538462
676,Mitsubishi Motors Corporation ECLIPSE CROSS 2WD,1.5,4,1,1,9.046538462
677,Mitsubishi Motors Corporation ECLIPSE CROSS 4WD,1.5,4,1,1,9.280551128
678,Mitsubishi Motors Corporation ECLIPSE CROSS ES 2WD,1.5,4,1,1,8.711481481
679,Mitsubishi Motors Corporation ECLIPSE CROSS ES 4WD,1.5,4,1,1,8.99344256
680,Mitsubishi Motors Corporation MIRAGE,1.2,3,0,1,6.462168251
681,Mitsubishi Motors Corporation MIRAGE,1.2,3,0,1,6.009530014
682,Mitsubishi Motors Corporation MIRAGE G4,1.2,3,0,1,6.720285714
683,Mitsubishi Motors Corporation MIRAGE G4,1.2,3,0,1,6.278327345
684,Mitsubishi Motors Corporation Outlander Sport 2WD,2,4,0,1,8.872701759
685,Mitsubishi Motors Corporation Outlander Sport 4WD,2,4,0,1,9.123597772
686,Mitsubishi Motors Corporation Outlander Sport 4WD,2.4,4,0,1,9.332359931
687,NISSAN ALTIMA,2.5,4,0,1,7.452670268
688,NISSAN ALTIMA AWD,2.5,4,0,1,7.926467615
689,NISSAN ALTIMA SL/SR,2.5,4,0,1,7.58118322
690,NISSAN ALTIMA SR,2,4,1,1,8.222170952
691,NISSAN ARMADA 2WD,5.6,8,0,1,14.54553325
692,NISSAN ARMADA 4WD,5.6,8,0,1,15.68066667
693,NISSAN FRONTIER 2WD,3.8,6,0,1,11.7605
694,NISSAN FRONTIER 2WD,3.8,6,0,1,11.13615166
695,NISSAN FRONTIER 4WD,3.8,6,0,1,12.37947368
696,NISSAN FRONTIER 4WD,3.8,6,0,1,11.56135565
697,NISSAN FRONTIER 4WD PRO-4X,3.8,6,0,1,12.47196314
698,NISSAN FRONTIER 4WD PRO-4X,3.8,6,0,1,12.37947368
699,NISSAN GT-R,3.8,6,1,1,13.06722222
700,NISSAN KICKS,1.6,4,0,1,7.114360294
701,NISSAN MAXIMA,3.5,6,0,1,9.800416667
702,NISSAN MURANO AWD,3.5,6,0,1,10.32818702
703,NISSAN MURANO FWD,3.5,6,0,1,10.22652174
704,NISSAN PATHFINDER 2WD,3.5,6,0,1,10.35419345
705,NISSAN PATHFINDER 4WD,3.5,6,0,1,10.03635464
706,NISSAN PATHFINDER 4WD ROCK CREEK,3.5,6,0,1,11.07595086
707,NISSAN PATHFINDER 4WD SL/PLATINUM,3.5,6,0,1,10.53402363
708,NISSAN ROGUE AWD,1.5,3,1,1,7.587419355
709,NISSAN ROGUE AWD SL/PLATINUM,1.5,3,1,1,7.587419355
710,NISSAN ROGUE FWD,1.5,3,1,1,7.127575758
711,NISSAN ROGUE FWD,1.5,3,1,1,7.071517907
712,NISSAN ROGUE FWD SL/PLATINUM,1.5,3,1,1,7.3503125
713,NISSAN SENTRA,2,4,0,1,7.097015578
714,NISSAN SENTRA SR,2,4,0,1,7.256163775
715,NISSAN TITAN 2WD,5.6,8,0,1,13.27190448
716,NISSAN TITAN 4WD,5.6,8,0,1,13.34600545
717,NISSAN TITAN 4WD PRO-4X,5.6,8,0,1,13.64913014
718,NISSAN VERSA,1.6,4,0,1,7.840333333
719,NISSAN VERSA,1.6,4,0,1,6.713955413
720,NISSAN Z,3,6,1,1,11.49727
721,NISSAN Z,3,6,1,1,10.69136364
722,Porsche 718 Boxster,2,4,1,1,10.8670141
723,Porsche 718 Boxster,2,4,1,1,9.961924365
724,Porsche 718 Boxster GTS 4.0,3.7,6,1,1,12.17808659
725,Porsche 718 Boxster GTS 4.0,3.7,6,1,1,11.14797454
726,Porsche 718 Boxster S,2.5,4,1,1,11.22083399
727,Porsche 718 Boxster S,2.5,4,1,1,10.88511875
728,Porsche 718 Boxster T,2,4,1,1,10.4587515
729,Porsche 718 Boxster T,2,4,1,1,10.0957597
730,Porsche 718 Cayman,2,4,1,1,9.961924365
731,Porsche 718 Cayman GT4,3.7,6,1,1,12.30866646
732,Porsche 718 Cayman GT4,3.7,6,1,1,11.60527939
733,Porsche 718 Cayman GTS 4.0,3.7,6,1,1,12.17808659
734,Porsche 718 Cayman GTS 4.0,3.7,6,1,1,11.14797454
735,Porsche 718 Cayman S,2.5,4,1,1,11.22083399
736,Porsche 718 Cayman S,2.5,4,1,1,10.88511875
737,Porsche 718 Cayman T,2,4,1,1,10.4587515
738,Porsche 718 Cayman T,2,4,1,1,10.0957597
739,Porsche 718 GT4 RS,4,6,0,1,14.42837951
740,Porsche 718 Spyder,3.7,6,1,1,12.24235926
741,Porsche 718 Spyder,3.7,6,1,1,11.60527939
742,Porsche 911 Carrera,3,6,1,1,11.7605
743,Porsche 911 Carrera 4,3,6,1,1,11.7605
744,Porsche 911 Carrera 4 Cabriolet,3,6,1,1,11.7605
745,Porsche 911 Carrera 4 GTS,3,6,1,1,12.37947368
746,Porsche 911 Carrera 4 GTS Cabriolet,3,6,1,1,12.15599531
747,Porsche 911 Carrera 4 GTS Cabriolet,3,6,1,1,12.14695539
748,Porsche 911 Carrera 4S,3,6,1,1,11.7605
749,Porsche 911 Carrera 4S,3,6,1,1,11.60980473
750,Porsche 911 Carrera 4S Cabriolet,3,6,1,1,11.54404908
751,Porsche 911 Carrera 4S Cabriolet,3,6,1,1,11.5228414
752,Porsche 911 Carrera Cabriolet,3,6,1,1,11.7605
753,Porsche 911 Carrera GTS,3,6,1,1,12.37947368
754,Porsche 911 Carrera GTS,3,6,1,1,11.74300293
755,Porsche 911 Carrera GTS Cabriolet,3,6,1,1,12.37947368
756,Porsche 911 Carrera GTS Cabriolet,3,6,1,1,11.65242377
757,Porsche 911 Carrera S,3,6,1,1,11.53929178
758,Porsche 911 Carrera S,3,6,1,1,11.17700448
759,Porsche 911 Carrera S Cabriolet,3,6,1,1,11.7605
760,Porsche 911 Carrera S Cabriolet,3,6,1,1,11.5228414
761,Porsche 911 GT3,4,6,0,1,15.00570984
762,Porsche 911 GT3,4,6,0,1,14.32992768
763,Porsche 911 GT3 RS,4,6,0,1,15.09498139
764,Porsche 911 GT3 Touring,4,6,0,1,14.93358899
765,Porsche 911 GT3 Touring,4,6,0,1,14.37353719
766,Porsche 911 Sport Classic,3.7,6,1,1,13.72631407
767,Porsche 911 Targa 4,3,6,1,1,11.7605
768,Porsche 911 Targa 4 GTS,3,6,1,1,12.15097147
769,Porsche 911 Targa 4 GTS,3,6,1,1,12.14695539
770,Porsche 911 Targa 4S,3,6,1,1,11.7605
771,Porsche 911 Targa 4S,3,6,1,1,11.73977929
772,Porsche 911 Turbo,3.7,6,1,1,13.72503253
773,Porsche 911 Turbo Cabriolet,3.7,6,1,1,13.74323677
774,Porsche 911 Turbo S,3.7,6,1,1,13.50679331
775,Porsche 911 Turbo S Cabriolet,3.7,6,1,1,13.92055206
776,Porsche Cayenne,3,6,1,1,12.37947368
777,Porsche Cayenne GTS,4,8,1,1,14.21328692
778,Porsche Cayenne GTS Coupe,4,8,1,1,13.65309155
779,Porsche Cayenne S,2.9,6,1,1,13.06722222
780,Porsche Cayenne S Coupe,2.9,6,1,1,12.95223516
781,Porsche Cayenne Turbo,4,8,1,1,14.700625
782,Porsche Cayenne Turbo Coup√©,4,8,1,1,14.12384258
783,Porsche Cayenne Turbo GT,4,8,1,1,14.700625
784,Porsche Macan,2,4,1,1,11.20047619
785,Porsche Macan GTS,2.9,6,1,1,12.37947368
786,Porsche Macan S,2.9,6,1,1,12.37947368
787,Porsche Macan T,2,4,1,1,11.03236398
788,Porsche Panamera,2.9,6,1,1,11.7605
789,Porsche Panamera 4,2.9,6,1,1,11.7605
790,Porsche Panamera 4 Executive,2.9,6,1,1,12.37947368
791,Porsche Panamera 4 ST,2.9,6,1,1,11.7605
792,Porsche Panamera 4S,2.9,6,1,1,11.7605
793,Porsche Panamera 4S Executive,2.9,6,1,1,12.37947368
794,Porsche Panamera 4S ST,2.9,6,1,1,12.37947368
795,Porsche Panamera GTS,4,8,1,1,13.83588235
796,Porsche Panamera GTS ST,4,8,1,1,13.83588235
797,Porsche Panamera Turbo S,4,8,1,1,13.83588235
798,RAM 1500 4X4,3,6,1,0,9.687676333
799,RAM 1500 Classic 4X2,3.6,6,0,1,11.74095132
800,RAM 1500 Classic 4X2,5.7,8,0,1,13.84174474
801,RAM 1500 Classic 4X4,3.6,6,0,1,12.5512943
802,RAM 1500 Classic 4X4,5.7,8,0,1,13.98902099
803,Rolls-Royce Motor Cars Limited Cullinan,6.7,12,1,1,16.62766777
804,Rolls-Royce Motor Cars Limited Cullinan Black Badge,6.7,12,1,1,16.62766777
805,Rolls-Royce Motor Cars Limited Ghost,6.7,12,1,1,16.65109233
806,Rolls-Royce Motor Cars Limited Ghost Black Badge,6.7,12,1,1,16.65109233
807,Rolls-Royce Motor Cars Limited Ghost Extended,6.7,12,1,1,16.65109233
808,Rolls-Royce Motor Cars Limited Phantom,6.7,12,1,1,16.98291672
809,Rolls-Royce Motor Cars Limited Phantom Extended,6.7,12,1,1,16.98291672
810,Subaru ASCENT AWD,2.4,4,1,1,10.62068779
811,Subaru ASCENT LIMITED/TOURING/ONYX AWD,2.4,4,1,1,11.12530094
812,Subaru BRZ,2.4,4,0,1,10.54134119
813,Subaru BRZ,2.4,4,0,1,9.560060805
814,Subaru CROSSTREK AWD,2,4,0,1,9.432017773
815,Subaru CROSSTREK AWD,2,4,0,1,7.863741069
816,Subaru CROSSTREK AWD,2.5,4,0,1,8.015853812
817,Subaru FORESTER AWD,2.5,4,0,1,8.210890837
818,Subaru FORESTER WILDERNESS AWD,2.5,4,0,1,8.963078412
819,Subaru IMPREZA 4-Door,2,4,0,1,8.954684068
820,Subaru IMPREZA 4-Door,2,4,0,1,7.450522021
821,Subaru IMPREZA 4-Door SPORT,2,4,0,1,7.726242486
822,Subaru IMPREZA 5-Door,2,4,0,1,8.905961288
823,Subaru IMPREZA 5-Door,2,4,0,1,7.566087868
824,Subaru IMPREZA 5-Door SPORT,2,4,0,1,9.308280139
825,Subaru IMPREZA 5-Door SPORT,2,4,0,1,7.775819947
826,Subaru LEGACY,2.4,4,1,1,8.979640142
827,Subaru LEGACY,2.5,4,0,1,7.832161778
828,Subaru OUTBACK AWD,2.4,4,1,1,9.498406904
829,Subaru OUTBACK AWD,2.5,4,0,1,8.34471577
830,Subaru OUTBACK WILDERNESS AWD,2.4,4,1,1,10.07763563
831,Subaru WRX,2.4,4,1,1,11.1374172
832,Subaru WRX,2.4,4,1,1,10.7687025
833,TOYOTA 4RUNNER 2WD,4,6,0,1,13.47036017
834,TOYOTA 4RUNNER 4WD,4,6,0,1,13.84981364
835,TOYOTA 4RUNNER 4WD,4,6,0,1,13.74066761
836,TOYOTA CAMRY,3.5,6,0,1,8.980874453
837,TOYOTA CAMRY AWD LE/SE,2.5,4,0,1,8.224327169
838,TOYOTA CAMRY AWD XLE/XSE,2.5,4,0,1,8.400357143
839,TOYOTA CAMRY LE/SE,2.5,4,0,1,7.409845981
840,TOYOTA CAMRY TRD,3.5,6,0,1,9.363940013
841,TOYOTA CAMRY XLE/XSE,2.5,4,0,1,7.587419355
842,TOYOTA CAMRY XSE,3.5,6,0,1,9.176169502
843,TOYOTA COROLLA,2,4,0,1,6.870494351
844,TOYOTA COROLLA,2,4,0,1,6.720285714
845,TOYOTA COROLLA CROSS,2,4,0,1,7.341708935
846,TOYOTA COROLLA CROSS AWD,2,4,0,1,7.840333333
847,TOYOTA COROLLA HATCHBACK,2,4,0,1,6.666704458
848,TOYOTA COROLLA HATCHBACK XSE,2,4,0,1,7.091452329
849,TOYOTA GR COROLLA,1.6,3,1,1,9.848180341
850,TOYOTA GR86,2.4,4,0,1,10.51772555
851,TOYOTA GR86,2.4,4,0,1,9.532706493
852,TOYOTA HIGHLANDER,2.4,4,1,1,9.900452489
853,TOYOTA HIGHLANDER,2.4,4,1,1,9.509389719
854,TOYOTA HIGHLANDER AWD,2.4,4,1,1,9.911800525
855,TOYOTA RAV4,2.5,4,0,1,7.869660936
856,TOYOTA RAV4,2.5,4,0,1,7.779626316
857,TOYOTA RAV4 AWD,2.5,4,0,1,8.444055128
858,TOYOTA RAV4 AWD,2.5,4,0,1,8.03403389
859,TOYOTA RAV4 AWD LE,2.5,4,0,1,7.886680727
860,TOYOTA RAV4 AWD TRD OFFROAD,2.5,4,0,1,8.540451042
861,TOYOTA Supra 2.0,2,4,1,1,8.592459999
862,TOYOTA Supra 3.0,3,6,1,1,10.94244296
863,TOYOTA Supra 3.0,3,6,1,1,9.092736558
864,TOYOTA TACOMA 2WD,2.7,4,0,1,11.15775792
865,TOYOTA TACOMA 2WD,3.5,6,0,1,11.3926871
866,TOYOTA TACOMA 4WD,2.7,4,0,1,11.72789645
867,TOYOTA TACOMA 4WD,3.5,6,0,1,12.72044866
868,TOYOTA TACOMA 4WD,3.5,6,0,1,11.86000545
869,TOYOTA TACOMA 4WD D-CAB MT TRD-ORP/PRO,3.5,6,0,1,12.84121681
870,TOYOTA TUNDRA 2WD,3.4,6,1,1,11.65063452
871,TOYOTA TUNDRA 2WD,3.4,6,1,1,11.6452124
872,TOYOTA TUNDRA 4WD,3.4,6,1,1,12.16473411
873,TOYOTA TUNDRA 4WD,3.4,6,1,1,12.15926303
874,Volkswagen Arteon,2,4,1,1,8.446662956
875,Volkswagen Arteon 4Motion,2,4,1,1,9.230690742
876,Volkswagen Atlas,2,4,1,1,10.22318809
877,Volkswagen Atlas,3.6,6,0,1,11.7605
878,Volkswagen Atlas 4Motion,2,4,1,1,10.56909838
879,Volkswagen Atlas 4Motion,3.6,6,0,1,11.87875299
880,Volkswagen Atlas Cross Sport,2,4,1,1,10.33158951
881,Volkswagen Atlas Cross Sport,3.6,6,0,1,11.49434836
882,Volkswagen Atlas Cross Sport 4Motion,2,4,1,1,10.92095183
883,Volkswagen Atlas Cross Sport 4Motion,3.6,6,0,1,11.73146463
884,Volkswagen GLI,2,4,1,1,7.904624277
885,Volkswagen GLI,2,4,1,1,7.868686835
886,Volkswagen Golf-R,2,4,1,1,10.2108503
887,Volkswagen Golf-R,2,4,1,1,9.146837048
888,Volkswagen GTI,2,4,1,1,8.767724813
889,Volkswagen GTI,2,4,1,1,8.481354074
890,Volkswagen Jetta,1.5,4,1,1,7.008578588
891,Volkswagen Jetta,1.5,4,1,1,6.767893007
892,Volkswagen Jetta Sport/SE/SEL,1.5,4,1,1,7.077348033
893,Volkswagen Taos,1.5,4,1,1,7.559959631
894,Volkswagen Taos 4Motion,1.5,4,1,1,8.506137033
895,Volkswagen Tiguan,2,4,1,1,9.089538973
896,Volkswagen Tiguan 4Motion,2,4,1,1,9.432320364
897,Volkswagen Tiguan R-Line 4Motion,2,4,1,1,9.755783955
898,Volkswagen Tiguan S,2,4,1,1,8.744191234